,0,1,2,3,4,5,6,7,8,9,10,11,12,13,14,15,16,17,18,19,20,21,22,23,24,25,26,27,28,29,30,31,32,33,34,35,36
0,0,1,3.0483749262733126,0.0020309425174145877,0.5031700149813053,0.006227648691503099,1.3940323777943566,0.005346273898993298,0.12493413094301853,0.11466874433834605,0.0026294287258995658,0.06138539303351723,0.009265829760581759,0.23589928098257196,0.2966302193121354,0.013227134327493511,0.059476660915103535,15.02747380211221,0.032929819994949004,0.23071236840427536,0.01825725918777001,0.03215996678175574,0.16277342101346326,0.21135791478096055,0.10019253183158554,0.15371794449637682,0.058111097344578096,1.2999248363211784,0.04369640058476367,1.896398610755133,1.056515485745152,0.39184412292374465,0.8753988065575454,0.2291429156611555,0.2560482962988363,0.09383765015136772,0.011308345152172784
1,0,2,4.30371703477428,0.03403152071367945,0.4300519241158625,0.0005681363153596756,0.8102432294851236,0.25715638934872215,0.056765460598519155,0.019040815022782848,0.043908332333521226,0.04145638189590133,0.05571876197790782,0.3102744236284067,0.07220889038092823,0.010504738006488873,5.095340891297766e-06,2.525694676126777,0.16946032095256305,0.07773029721489101,0.461182217675624,0.005750163939797002,0.22211315056347353,0.015043363101808522,0.0023238229814211944,0.0019218004100039162,0.012825461321576897,0.036471900550090024,1.4230012636972866,1.1303889056726537,0.020215974571854617,0.224818294549077,0.1788047393485904,0.002806878279458514,0.18118843198721163,0.0001513771066040279,0.02527734751444178
2,0,3,1.0531208396849776,0.14844604110272108,2.7775478496317416,0.5970814394459679,1.2272931830345006,0.003924710978385048,0.5700547999325053,0.01680247685573863,0.08392228524676709,0.14328966063990464,0.3659693484468416,0.0009207102663737059,0.008059482231136728,0.004609409902224694,0.006583113480211818,5.127436882891659,0.2151438645547705,0.1419457039331921,0.9242257476737861,0.32919850551982893,0.3325284977031325,0.05575483819787182,0.00486985826351235,0.027688077200407373,0.10410725305568842,0.07990581548900068,0.6195368658466055,1.9721980099885086,0.22650706969172882,0.013740261801035372,0.05127626069775262,0.02865466556551185,0.4155734608167291,0.07261419430208517,0.07705331518602432
3,0,4,3.0985691270730773,0.08125975366340517,0.22597621126001632,0.0049555367660168055,2.7045094899109063,0.011045290401578213,0.25780598506324726,0.5082212109468263,0.05283893792262771,0.06104656653766232,8.535580781787543e-05,0.16037647961748297,0.008367587216118905,0.03657383659924889,0.0048921244206537795,0.6704398342952438,0.7656309589444658,0.6181902166094161,0.0541575378658522,0.0004644757531494841,0.039948881665523656,0.19737744501377724,0.2038106034964134,0.0019016575580581628,0.353180582906447,5.336410686576509,0.06979890210454887,3.510472434401783,0.30065577413814354,0.0821646047070979,0.016554851544209367,0.0019000991518421672,0.10810019244221643,0.007253724412231121,0.00029490354105258853
4,0,5,0.4903314243048458,0.0008954527408428409,0.2247862950551898,0.038141854328199144,1.2680107129412197,0.14024990139723903,0.27581679169750456,0.4604472072385264,0.011032900143072353,0.38040959133288493,0.043296606633633654,0.06417657416960738,0.10420117269721094,0.042690233338976785,0.1179279692997157,3.3433271728284315,0.48275523606673965,0.0032958160292677844,0.04690917906475734,0.31913803022622605,0.025859859247928402,0.014867690796601227,0.1393843467358173,0.000437080699213693,0.07081088656701655,0.04824468426258465,0.1969712728073316,0.39758553606944697,0.31656028488630633,0.032589082701175276,0.24407674989431843,0.07864485055263343,0.09063712674366171,0.001217620638193189,0.000511147169981309
5,0,6,0.8522769535286672,0.02538996319130748,0.44695817897354634,0.012630234840131163,3.0559139162974933,0.5704784099584232,0.2839293872867876,0.3038961740210603,0.00176511436918878,0.14286020482282283,0.041700854521518775,0.0016960509727021382,0.0053230236019975435,9.77010397035494e-07,0.008299530414268185,2.2511754403488107,0.46014462127237704,0.08749210797837928,0.43722571248495146,0.04601192065940907,0.0020645562455513357,0.5338833867074334,0.011594360927187039,0.0931204100447098,0.06204436477355583,0.905005463366296,2.7882915074489105,1.5184051268300454,0.7167985780167335,0.0659078324348375,0.008205810404848501,1.3193475485413906,0.1540219291788035,0.03978544521401572,0.003778033826654565
6,0,7,2.0895058098201695,0.3939844733887109,0.038103138695577424,0.9710382202910413,0.33136116703536483,7.3658156409925e-05,1.1533330524289038,0.3256215901601131,0.12644663689296837,0.028113614088460956,0.0051473094638628545,0.20533893614732388,0.09571709285503399,0.0037793450157290872,0.01682818914550493,2.669253422584659,1.1558500400947074,0.949208071033911,0.062723512220363,0.02060095802092877,0.26760205348406263,0.270377695858349,0.05637835137214694,0.004447124397711212,0.025450051010280136,5.091269392846348,0.319603126143317,0.12510834053681985,0.006230784529616168,0.6925714655909525,0.19019883793544576,0.4817402948673707,0.06361211147717001,0.008008480398882195,0.09554936271524923
7,0,8,3.5063680147431695,0.012710639394033985,0.060390237377303146,0.11835392959107806,0.7593682624885848,0.033181593886222514,0.912334052373421,0.18820020534120752,0.0504627520004317,0.046097609517130184,0.07405216711638324,0.00044273290073242245,0.15821089111011752,0.0027380496886072418,0.024374941889103132,5.264345452609717,0.6434529035185328,0.03197495095753175,0.15012716647181387,0.006163803119559382,0.13259078198923122,0.0009208683981472718,0.0638361278011032,0.023373520207960647,0.3575542710160912,0.2515127798365533,0.28767324981283016,1.4429332890857216,0.013869581875344067,0.0011571055010251967,0.18364003083796418,0.15200083308937562,0.07325303883294593,0.40090178965996626,0.0562112204635705
8,0,9,2.3910176232037084,0.08190618863993977,0.015035974972889136,0.06678385910115778,1.2668347179455108,0.08000950779987508,1.5664982243500851,1.056255349268147,0.0038127644779352493,2.7349621090788946e-05,0.00023847916529572003,0.021802976612195463,0.032931737302037474,0.0020366859795495724,0.010412436687178549,3.4443591915816634,1.5453361234855005,0.5500401482365623,0.17292623984191302,0.011996383545262237,0.007941949168677069,0.12555563576359352,0.06456116492665512,4.449035110099311e-05,0.007160544500395197,3.7488244180601655,0.26543657933427,1.7443054868671761,0.06392774185444762,0.0456889793014632,0.0532128998076386,0.287019572641072,0.1747258679217938,0.00787510892747394,0.13036549129732813
9,1,2,0.11530292455669819,0.0499687839409905,0.0021712320442618584,0.009199621774683017,0.0021125816043266877,0.2590041560372938,4.56984035728412e-05,0.2532176531068604,0.08139197840878037,0.0003508863277322978,0.16673206307406865,1.3308002981397584,0.03855709861496817,0.00025399983498641267,0.04760177810025488,2.0616435712729673,0.4995182371971067,0.0629688663494399,0.6352608690952325,0.05092506724387441,0.030484213621565986,0.1524947039734481,0.10128465546121741,0.15970388055060775,0.10088934780347379,0.475128257136702,1.6353278208783515,0.008617001082860757,1.0521467527777033,0.000553507165826691,0.2493438065099073,0.2860017952845724,0.0075259778223845985,0.05512143579784231,0.013273225203247202
10,1,3,0.5436807067790095,0.3177385503202592,0.8363616995052875,0.6196343289131154,0.001046410092519818,0.0002121124465341504,0.3638675654618084,0.015192362291139244,0.1099787228831019,0.061833287480748705,0.864105537988233,0.19293795235166497,0.2139481370811446,0.0006247962892788076,0.0981438800222448,2.50843352580896,0.6392833547785126,0.01452486789745097,1.1470598993169994,0.05854906470686184,0.07798590908788507,0.07518025198521082,0.10105548202067884,0.06150538025456011,0.24813182116062613,2.0999470740990236,1.5835704901516239,0.24426193706737695,0.0712297279967398,0.21540307066006864,0.8365079530063501,0.4669779459085041,0.1267919943066651,0.0054008206892042195,0.16351373700586122
11,1,4,0.0012421599909515418,0.15195173226375436,1.4101576632564978,8.068916674129078e-05,0.6977201809112369,0.002658777985616567,0.08270949594225,0.299541533481281,0.06452981019192656,0.0005866989110610839,0.015012367275391925,0.0003472557170876275,0.22628753326359355,0.01968031588918402,0.04277805670531281,4.761841780265242,1.3026946651546467,0.2697153990504983,0.12474947133028166,0.017593991787029254,0.02288568579675942,0.0023158492752209446,0.02553345260762399,0.13277265452161133,0.0648859097666712,4.576683803310747,0.01813428062906093,1.333412071377019,0.33856273081673566,1.2277057222177477,1.6970176748859156,0.3166932128256328,0.7765175915432241,0.034910138167802536,0.02166642841070336
12,1,5,0.89828680228515,0.00023105547508584857,0.06808891234091546,0.017562618441343544,0.003231841573699845,0.1326831013040351,0.10810574921111585,0.26470536045430365,0.007197989489159844,0.39094146997677764,0.1663071316755191,0.042830585307447835,0.8290427316048198,0.027158707079479604,0.03486504673229275,3.127107145936502,1.0810074463873316,0.642274682631659,0.1222646779442572,0.038184667405778375,0.07463051393732627,0.14614422313457417,0.002416116022554505,0.20873928936705888,1.8646644870995205e-07,0.24814608974565805,0.6434722712640765,0.25932517838722163,0.04421177681960072,0.5959993428522796,0.111537787437773,0.00011784364563784496,0.0002416112160761379,0.03311505278906338,0.0031133272320670326
13,1,6,0.5096084614161669,0.026901539500538994,1.7584309140404728,0.04132967188661023,1.0363445755705376,0.6512640428220795,0.10551591421399456,1.0082829419091872,0.008601604600755174,0.061454937328488564,0.1680796950938412,0.21451892273226955,0.1606767841545502,0.0151185988318405,0.014636081989707714,2.984410145935552,0.9817412264770807,0.6992866560626978,0.6234172416859498,0.000693349704054446,0.1627761993995008,0.01720367375439291,0.045526482718247475,0.6261791159362569,0.00013607876418572138,0.015392152566225226,4.437534524092773,0.000322313529612573,0.02132847943850249,1.1408859130416096,0.8849342824094988,1.1000126408861068,0.0039497352038297,0.0004754952356391527,0.0012820258019444444
14,1,7,0.03576196642169203,1.0048923812833983,0.2886284009652516,0.9904273203992779,0.2271850739545999,0.004115248790039494,1.023366706950141,0.12952569377707823,0.15746585937955068,0.01988652841853602,0.0014906532840499162,0.0006004383102064289,0.06250448372315925,0.060564552319596926,0.017017849354278202,2.258083980134011,2.0394032440218504,0.5954884477352443,0.14780247009032438,0.06536838830768098,0.04470597313454234,0.0002565648053733279,0.004761122532747649,0.1370528157781324,0.015353500861554653,3.758024427022835,1.7450375558773892,1.4338041313153156,0.6483896725107289,0.18659599588144096,0.634518368823362,0.17867891431322236,0.010756318034043357,0.046804509164976985,0.24651011857723548
15,1,8,0.017074582183258996,0.010952251759567435,0.16996622562935026,0.21807608424885289,0.01704653275629976,0.0693784550383296,0.7495428564574576,0.05856441260705394,0.05305146555507411,9.347093499917922e-06,0.18936313869640706,0.2090729780382619,0.9711854665908792,0.04145585199709443,0.0004494797146232613,1.8526629534137793,1.3769549135260373,0.8031518233081874,0.2569606135035671,0.052318742463998244,9.064129386425016e-06,0.19120766229592773,0.3861698247725114,0.060153129326052227,0.06783474020612544,0.3224912178017753,1.383396943816627,0.0029644887440652265,1.6978810790558847,0.5822689708283011,0.2540300962831561,8.57523764301362e-05,0.8662513570355179,0.2532856965300862,0.04295714038099713
16,1,9,0.23080538235989112,0.14500358537648075,0.7587393484725737,0.044028167307945405,0.0003819750367374418,0.15818442939078223,1.5846766217432604,0.8962135264421699,0.0009055896830551907,0.1510448326424762,0.009500719921662338,0.4808701025515592,0.18263634301037548,0.006317776583107589,0.11883861732668662,2.2887806907102433,2.5816361431505865,0.19622887616825424,0.29037131240366093,0.05740816208326999,0.09719208063721474,0.027560872886019636,0.003234833287690301,0.19554396084110734,0.03471909411676262,1.9277138782854772,1.277709632605963,0.004516014770181599,0.6410087561430527,1.1481397742578492,1.3054558792890596,0.03380761597902097,0.007623821872777348,0.03390336002075527,0.13602599239972865
17,2,3,1.156160599554832,0.08094866731465253,0.9095502594519285,0.5053271572172556,0.004182827124628236,0.12476535024050633,0.2078281496832588,0.06155303161521755,0.20506737750943405,0.04546425629048177,0.12752035574099188,0.3350386857524501,0.035869781452579616,0.0009741666516647124,0.006194097929700379,0.040257784482190924,0.0013526128445220818,0.015118254878916606,0.0711361942679337,0.3526783611647519,0.0025280966647539976,0.017476844259961453,0.0005451561088088596,0.01988936910188558,0.028195400953626642,0.18945792633578373,3.424833951723472,0.20728932273546036,0.31802891442069386,0.12175458819870634,0.06274599907342869,0.01314574320515053,0.038866836993327866,0.05607861973999477,0.13398022213159652
18,2,4,0.1452101636254669,0.019693133021370733,1.2746548835348008,0.007796038206205979,0.4116034369925166,0.1548807433473104,0.041383116766648284,0.7111698276475473,0.16411947802573076,0.0012061024939363308,0.0827353321281956,0.9423086302785272,0.03692287135500537,0.008132919447457077,0.0038125610924260992,0.4160497766525247,0.3818841932361728,0.43202900535540284,0.1454482144369636,0.0061356879510607,0.06886802799771927,0.13751525241020102,0.22549457206747026,8.55634212717575e-06,0.41963679300471973,2.7100559111839213,1.1340685255225726,0.6719404229720866,0.3997887443400866,0.6537176620644818,0.16421495489874555,0.010703374146731894,0.5087289705314427,0.006517926473827633,0.03168296637106043
19,2,5,1.6131093175675046,0.03726370512232977,0.0440686121896238,0.03979946300631776,0.006681114104997148,0.030516606031624482,0.06319700512070452,0.6313558232952926,0.08913084820169472,0.2553216901945187,0.0022683109513301435,0.6957482104197926,0.33590220483165706,0.010553341015805264,0.10277339837455211,0.0017659409294613062,0.12558398649012564,0.21213752413221443,0.23302420938648755,0.33725912464699037,0.13439905713351846,3.715084490152519e-06,0.1520133373841793,0.005237519288788302,0.11962993445897735,0.0025816336090518114,2.4469401615091266,0.1270137537832542,0.4143005951829239,0.38463164243818626,0.009634447274607544,0.10073273338113443,0.00497945593621997,0.0016350288904928589,0.016230459279388463
20,2,6,1.0729485347388714,1.3177940486559638e-06,1.61709099970132,0.006063919581852794,0.6635877663489964,0.03248850776867812,0.055242615188955006,0.16836621089840437,0.024070348481361286,0.044465409560776624,0.003030912816713846,0.3846263472331615,0.03216873179663108,0.01132491170012878,0.006949854194106091,0.025724960042582203,0.12250863453632256,0.3830856207068528,0.014332363392054596,0.07197239452266817,0.22272171602499077,0.49406395609700415,0.005382421395227064,0.15995312644419,0.10860805414187329,0.33349342720022274,0.020167797180775538,0.004622819020521974,0.7842674583985741,0.605208072014951,0.1295248527881936,1.405991309383793,0.013387645653609058,0.031038308667186033,0.01487940595897216
21,2,7,0.26303029592220295,0.4196794061871257,0.23379900837656964,0.8685275902284917,0.11330556314660073,0.2538136885684881,0.4730549408419057,0.5072598711861225,0.2512387537971343,0.006344832427191489,0.13797870182070796,1.2143244595887248,5.469689841381868e-06,0.03452198557233627,0.013565144904881877,0.00011159661706444326,0.698364293050538,0.798003429256151,0.21357712825238614,0.007608013096826736,0.00012809928450749797,0.2066821007596986,0.04986797085297492,0.0007036962247385505,0.06724870314893958,2.70016397755744,3.274778710048969,0.6752532849691417,0.042264277989715125,0.09777940957096568,0.0030935290350364237,0.5428840729401466,0.020212438282126693,0.006851917800204857,0.15384239710565814
22,2,8,0.043654572194461234,0.005780768562199061,0.13359190362473852,0.08089697519719297,0.003942496159994284,0.3801939916921255,0.32748490916630335,0.29531992016933856,0.14944916310202466,0.00015958537318018205,0.002287022260314661,0.3310216219267703,0.42250315693210955,0.027506809339043623,0.021328733745759634,0.093478026897547,0.23622756950917498,0.339277832944512,0.05850722291723686,1.6599601374690012e-06,0.02547399460815409,0.008291353725791645,0.11868590875281412,0.015883496160334895,0.4240196695742905,0.05455429298483463,3.1053478673141486,0.012602214389104012,0.0019465484895018678,0.3003846654618209,7.482491279248772e-06,0.193589398079961,0.482072160462377,0.26454939277232065,0.0017240269584864979
23,2,9,0.7226864901746346,0.020856878680844352,0.6600550245968304,0.06750192562797563,0.0031871165487010367,0.5713081371341513,0.6793319823956143,1.3422899456388155,0.06498084214046551,0.07715912837793672,0.07797412661690452,0.1861786640213707,0.015166284381280912,0.004850808425301464,0.00965935692097557,0.005553042418577656,1.0761331981407443,0.3657910357537968,0.060100236887962795,0.0018894887055217985,0.15688155704049825,0.0708942433912834,0.05911997174053875,0.0018290139635135985,0.03784988404536704,2.1120464565967194,3.0340195965214884,0.015466333162420411,0.1384506707809755,0.5682544251619088,0.08431147747942264,0.3411681517200656,9.019516008043888e-06,0.006978336084604928,0.015877051405300442
24,3,4,0.5167782829196463,0.020919981884767822,4.743820148429885,0.6221568800018541,0.5029183622467268,0.0005213239492930329,0.09177378684438002,0.23549594404773955,0.004548514623033432,0.0423328363921652,0.5395019487985883,0.13184730220392873,8.073238132796624e-08,0.013764795982524477,0.023528633553972847,0.9095475671083835,0.3877423120495216,0.3281195496886639,0.38532862740530827,0.16868207702726296,0.11667018892832867,0.05930494244262431,0.23427591784465543,0.016168653307441938,0.8406811358898781,6.562595033489701,1.2875076182445604,0.049829231091672574,0.004113303339817109,0.16764010377327165,0.021169133619292572,0.055995303564904786,0.8587057329576921,0.0361397433973548,0.07681622868086098
25,3,5,0.0629969286848993,0.2058765443715829,1.5140026330894274,0.408504971569587,0.0004478935225922088,0.05242015892895518,0.04326096347902483,0.23603641325340552,0.03420825784028037,0.08296784552088247,0.1929997152727438,0.04734586587258585,0.17603201874424593,0.016871300419686912,0.15766974110625495,0.08432232543552286,0.12342190103137515,0.3691717177259957,0.5986185949504823,0.007641215339245155,0.23359934592343534,0.016167290048527707,0.1574469168543732,0.042614506072826436,0.30795569264748474,0.18604090014890534,0.11834499020642987,0.5444676932181309,0.003155575820390336,0.08263155664541631,0.11596290207548035,0.1628010395940205,0.06115451343402487,0.038038151339198294,0.0730175750187174
26,3,6,0.00036674536017940147,0.04450278957593966,4.987385287340685,0.8098250849740158,0.8043484029123903,0.2816909236662937,0.06609381486710152,0.36782593152551685,0.08760067757114907,3.7497906849309726e-05,0.20528744007101032,8.133590892357401e-05,7.213050600189005e-05,0.00488024545079472,0.026662096455182176,0.164687377327691,0.11859261438494956,0.5179579124563902,0.20997952070260695,0.13286031728992298,0.3131079686838936,0.28178309509707505,0.003277203780603197,0.27826935880155795,0.28401001874618376,1.5502218071103198,6.20943537796017,0.20121432513495416,0.0312004752761596,0.1443203004310809,0.02008096526956418,1.7208034998499442,0.12491231127536563,0.005382864819657054,0.11593203427825013
27,3,7,0.2580408756914903,0.14149566148625958,2.3121620826898135,0.16456067589957074,0.2104993083590083,0.003174483836068935,0.034804098733198,0.11915392348912178,0.009641446623147965,0.11393117803468573,0.7483161573990534,0.167184226055027,0.04911376675185374,0.01952046447641161,0.0432250491876189,0.0486328475285001,0.7463399360133526,0.6543815628886598,0.5793648990507684,0.26061497960802715,0.0018036358786645693,0.09658666377208545,0.046600621469927626,0.013048007467485448,0.2587897600323704,6.26667127910348,0.16480121938491368,1.4802299367901515,0.14124554127775438,0.47216216247413373,0.0608742737813096,0.7280959946336499,0.11017956606710692,0.041518788156678706,0.00022595916450768278
28,3,8,0.7524978604004491,0.10303169378735666,1.6226158484302666,1.4476866637379122,0.02022237869528289,0.043106721936331305,0.003044415212613476,0.07920477191326719,0.0006799075793593068,0.040702670700553396,0.08317275971444787,8.980025942612776e-05,0.24502291389906383,0.015621714160782571,0.048114454455690264,0.019355581656500174,0.24658239183017922,0.5167983071553551,0.23677866124440775,0.3649487235994785,0.0593168950130181,0.04295057883345481,0.1487236593252693,6.866898197999355e-05,0.8416079915891457,0.6126815508998402,0.15995962610990444,0.13861753436316357,0.3625371616497512,0.02545766181074575,0.06564227049592462,0.3185875606262725,0.8646845014390077,0.07401384149623572,0.20480556120868354
29,3,9,0.11800229538271424,0.016254379694687487,3.619374122170624,0.16362012671475087,0.00015570446081458752,0.08179952947108775,0.09762554485498846,0.5556383497370384,0.04474494410714765,0.26277383185871467,0.48881243566960486,0.03123375979728557,0.007708378791781074,0.0010035119081964335,0.0003273855732319403,0.017680949485879456,1.158998380446829,0.25565358434109137,0.2577885074572468,0.3000410500806832,0.24866447651701376,0.016769642060159195,0.05620221569518703,0.033331566694400364,0.19277960888451598,4.739468308118089,0.17314068965140444,0.17656791639654612,0.07557734566259454,0.1166587539319745,0.000269494729406956,0.505448820560454,0.03592921136960099,0.03532979500116715,0.3163272153102584
30,4,5,0.873256436248107,0.1039473251915549,0.9384348510985048,0.019646558349055203,0.4766834292994256,0.06349376512960804,0.0054385856446592116,0.002764945843507563,0.014998511768120032,0.2904212266157772,0.07010726335053473,0.025067058267813417,0.18131726876543153,8.090913191183377e-05,0.10183335912353272,0.4655959992571592,0.12343240687730074,1.0971626389247022,0.0016290873271306923,0.14116137461725436,0.00417646859266998,0.13073379449570047,0.0146349026405753,0.004844734969659494,0.07784094795621385,1.6441398646932341,0.5709078830262122,1.1660990881942004,0.019664818592796098,0.004933104257505727,0.24072340367661815,0.07364308645308194,0.31742073555841793,0.001203271689652243,0.0014724413487390204
31,4,6,0.48287058033244284,0.010990952610211038,0.052984324229296824,0.03757799276649042,0.06186954615938849,0.383780508777149,0.001767856517066884,1.5632969254681215,0.059328103786286314,0.041398766138394286,0.06867179801491745,0.1402975485003297,7.858552145661157e-05,0.04011620674717043,0.0012588749755196933,0.26548697206890726,0.10138457187312822,1.1568764493246813,0.1072122417971553,0.01860796594563602,0.051409874298160615,0.043200968740666396,0.12767482423935783,0.13713755922144646,0.08322820762273092,3.103895375760998,2.534506609250704,0.829607977852471,0.13693834247787456,0.0010654630581516484,0.0007241543884202817,1.7509372811701143,0.5388604651521592,0.013850285165659101,0.007406648227702835
32,4,7,0.02531912768664069,0.26475175980818233,0.4718005624848218,0.9933603387876645,1.060530022513408,0.009585297566323975,0.3109282680243735,0.03967834008288482,0.02544635975527404,0.019665405093254575,0.007163890207772373,2.1891217298098214e-06,0.05111685219482691,0.08818100553147372,0.00495037381168562,0.4238051468356275,0.007571046386446041,0.023576534968534867,0.00018321088678345624,0.019582265485572146,0.08554742982020651,0.0015181217005916623,0.04692110453833476,0.000460576014645957,0.22159975494837048,0.010898573057470195,1.0281408991626146,3.18611088675456,0.1648367470230497,1.5843213036559556,0.20692160659672382,0.5746993679239075,0.2848269577793738,6.474980450092638e-06,0.09840133579260976
33,4,8,0.028363933745511626,0.039134808068322216,0.4726780710597065,0.206897387990975,0.5542717659896537,0.07187941342749275,0.17760383668389776,0.021070029405810806,0.0009485864591592878,0.00042943015773407625,0.10464117223418107,0.14207123552051495,0.2520473671475538,0.0704376082095766,0.012532823464038523,1.0709955671056313,0.06815340789877701,1.2568979622263157,0.018792132154110932,0.006426009197614671,0.018339333480226337,0.1766397605348091,0.5739651007697093,0.013049289407083269,6.734792781341155e-05,3.449550526395899,0.9101885579059408,0.5563343205112878,0.5372417587953938,0.07544907329868264,0.17125493037030087,0.1708262613636322,0.008108302562621851,0.28067292551143036,0.07034821476542205
34,4,9,0.2063270813569439,0.0001030150567028417,0.14321373607277954,0.046529369754471375,0.5578066898433499,0.1404294977003768,0.5128437373070104,0.08441403783871047,0.023524147997398413,0.12969549702257166,6.990603347912808e-05,0.32300274524930445,0.00798174012178389,0.02968009261986334,0.03187730472578833,0.5901112336540913,0.07031517676579364,0.02021030382269962,0.023143402684526148,0.0116148877384199,0.013913949300074363,0.015708993323561113,0.04328530925171947,0.0017769316435485513,0.3050090996025536,0.00011138307094660632,0.8574064752765983,0.8448292465977616,0.0861532064936044,0.00822187419721158,0.022360827135766967,0.34843852972937417,0.4894754495362533,9.721850268352014e-06,0.16059808701493686
35,5,6,0.04721170103783136,0.024091249153336148,1.2685732891607207,0.10128137859762194,0.7746651451529046,0.1553394239356463,0.001166839527052176,1.3348157904312001,0.018137438631300736,0.08985896092871064,5.571768128306052e-05,0.04884993370201962,0.14060004564200101,0.04725400119758706,0.060074702876169006,0.019112638203701064,0.0004939031020309082,0.09168598431548863,0.19490248583334913,0.10523240619847364,0.037066918602488445,0.4608163093687515,0.07251473803499947,0.09846299226503821,0.0001485276039713255,0.17664988348076002,4.558844619776308,0.20271707774968695,0.013514377361906312,0.0018289689585568058,0.1921161938201314,0.2616017138565299,0.00036587327458434843,0.01762504834617089,0.0007714223793506925
36,5,7,0.5159981748536073,0.6026486906101851,0.08293317912589318,0.7803879339877176,0.22719912208783177,0.13684170992357134,0.1748303113602339,0.051648319383252164,0.06865002918807653,0.491906898267184,0.13133502789084694,0.03256293173371738,0.4292715545628785,0.1044760735112549,0.07067342104635539,0.0009892095617485225,0.272967466545956,1.7679242912337834,0.0009767724949171015,0.23286821232555785,0.1724999298695196,0.19488251802279877,0.013887354349154182,0.009484567595503136,0.018863188127581455,1.6821943791218532,0.0003161251901267972,0.12484373795276929,0.20330342301666762,0.9042014039309807,0.02765293822026638,0.05146140189205318,0.0036551190138909783,0.0011837433104964197,0.0852517878715299
37,5,8,1.1485312271400876,0.010220739006431584,0.03395907427220275,0.3405819304949572,0.025693439106960498,0.25585753635762515,0.08590637576416768,0.03136970242877302,0.01776513853806024,0.2453511657035097,0.009259738512776165,0.05293929336053133,0.005998882257817442,0.08195632719686664,0.02398159388402297,0.1668741314564103,0.01573463873148079,0.02816008465837864,0.037870491401002286,0.3518836698409126,0.05560463842787479,0.008267445459399801,0.4889850928735457,0.03583354476326658,0.08118872170565783,0.020279074134267817,7.382259835029071e-05,0.2173791399335311,0.4921053844564978,0.025849509461144376,0.009294550415589893,0.00021673876953798112,0.2795557159916585,0.22039907674452255,0.03630460531577205
38,5,9,0.3611869020376342,0.10279667443999534,0.3967367072857224,0.010543094780786504,0.0011924502084536938,0.4266722216769262,0.30313377549895204,0.03950203290192748,0.0014115512967979398,0.7122261004802065,0.06501654920469867,0.17523430047432403,0.2832653825887875,0.036496717249071046,0.17851443603546985,0.017440582096280712,0.536941686570223,1.1555643561934241,0.04637151737616781,0.2742617391928623,0.004445050165757976,0.06652025912612855,0.011328917715870376,0.0009751782343690464,0.04307610812912437,1.378722455029986,9.509229516109022e-05,0.2599090906066837,0.12702018093067344,1.0159595416046268e-05,0.14747761544203258,0.006649021800581194,0.005182626869188037,0.0013968159413246754,0.08692154780256914
39,6,7,0.24872110847271384,0.22215472596800961,0.7519092663059023,1.1796629956776228,1.384409531026751,0.5697502326716491,0.24531518188331278,1.3236458007681426,0.12766190878735534,0.11480057667875752,0.13149175963628684,0.18387388167510463,0.04142289262300393,0.004382321667834889,0.0004305803815532834,0.023683945134756003,0.2220415400441463,1.6187718032558267,0.1750896802413087,0.07683924279914718,0.25979765511871433,0.03486171652770266,0.018436307984282054,0.1789324523010211,0.014751971180044638,2.8425486378740517,7.456794728510333,1.0248043051498739,0.44754513884324815,1.4989452342652003,0.13739757309824638,0.15595692154520374,0.003264403998057564,0.016342053321103035,0.1528667794464933
40,6,8,0.7016062712764057,0.0039126569778283,0.7339619643526805,0.05172336004368582,0.8370546433029167,0.69398833534418,0.13076570067218174,0.7744136421943603,0.05798388949921723,0.03968022361230286,0.010768571027147214,0.0003653297570301763,0.19837790621792942,0.0031344353853888273,0.005030991877242739,0.25983833510536636,0.008685033542666587,0.028330655167971806,0.029002697429267824,0.0750994412674548,0.1388952644118476,0.5038066366797183,0.14377949590932065,0.24522444382146977,0.08662438837122623,0.1747874071601466,6.7952823516919585,0.003369035643353106,1.1347179362085404,0.058652400197098935,0.13383630198547294,0.6769422270155981,0.5366094057372144,0.13660887260726715,0.0399951391754985
41,6,9,0.11437640482500128,0.012076393496563684,0.34431308016977746,0.1301777835501338,0.871808849258903,1.0419876288513872,0.4158236717906332,2.4818336857878425,0.009109349351983558,0.26694528868362566,0.06345829070006988,0.03876022103764003,0.0074514531838785905,0.0021668643890129266,0.03419860174313855,0.06393019323126402,0.4510642564886981,1.1255843735200233,0.02914714339579429,0.07317450635467619,0.016140060518215062,0.14967073442219817,0.02292424702755585,0.1280824356407416,0.036223231257841645,1.7116063723074786,6.610933262780718,0.00426270183021988,0.37759321176404775,0.003219293425715927,0.01978044876693372,0.4773448560296525,0.013372655486098738,0.013273489688149422,0.11002174656643621
42,7,8,0.09829025479692319,0.39020421854837356,0.005224220318050419,1.7413012158356431,0.08190536256652524,0.03647265530786195,0.025094946311961654,2.144380200739555e-05,0.01210986197050658,0.009128727903808058,0.16123184055619658,0.18129236815716535,0.5342633055178673,3.2279827447407623e-05,0.0038733614986890224,0.10780615882314067,0.17563523547858362,1.919374257591623,0.028750223066269044,0.007556790128068712,0.0354673193510304,0.2459162949234878,0.26776022338913963,0.010119458051824215,0.22610071299306647,3.2953919280067834,0.00014148456463286516,0.9571894961632352,0.03660415459870407,0.925932435277233,0.0035584909094369096,0.12611823440844142,0.24703487781999434,0.33353480930692686,0.25124811213056386
43,7,9,0.05949695329402561,0.22788432965158506,0.11139472041025959,0.46140098720627015,0.2123598004637234,0.08651175198093053,0.019617287471979907,0.2737286963789874,0.08016594195136435,0.066600105731325,0.004385783555607524,0.4248684250645951,0.02256234299289788,0.01619654860061913,0.05500929809068634,0.00778467546788238,0.041846787276436294,0.10849305130347006,0.03593886304794047,0.0021431578365161963,0.1930014624754182,0.03271088883206753,0.0001656952719802981,0.004755974701825104,0.006889290072596751,0.007280746457718628,0.0013775472787122748,1.2542338757789302,0.022425899966188524,1.502234848901601,0.09410164032654039,0.050318078858348554,0.02020234665772916,3.502172808393653e-05,0.4045036721909439
44,8,9,0.3884769978363953,0.04011787197309325,0.13700453942280713,0.33345863265753634,0.01844839886403749,0.004387025268789045,0.09659421921880938,0.14520068741461267,0.025726991217949607,0.0861154872253247,0.099160310278092,0.02847493751113974,0.37244665009627415,0.01201202594483823,0.057568550749891784,0.0630018283281492,0.40297186221726666,1.3144788698250736,9.252609717496732e-05,0.001832941591852105,0.07734592766565108,0.1072248596993593,0.29301932827979865,0.02743715760932008,0.3094108656429276,2.284184371285005,0.0005661300446195363,2.129095029440618e-05,0.1558237587756166,0.038203611225621194,0.08851395177989789,0.022675776445367335,0.46005238108179586,0.2798095514651211,0.009009838590283955
